{
    "loss": 0.18572527170181274,
    "accuracy": 0.970588207244873
}