{
    "loss": 11.9370756149292,
    "accuracy": 0.8039215803146362
}